{"cameraMode":{"drawMode":0,"name":"Shaded","section":"Shading Mode"},"sceneLighting":false,"audioPlay":false,"sceneViewState":{"m_AlwaysRefresh":false,"showFog":true,"showSkybox":false,"showFlares":true,"showImageEffects":true,"showParticleSystems":true,"showVisualEffectGraphs":true,"m_FxEnabled":true},"in2DMode":false,"pivot":{"x":11.276715278625489,"y":13.76215648651123,"z":-31.21706771850586},"rotation":{"x":-0.000040498711314285174,"y":0.9999041557312012,"z":0.002999722957611084,"w":0.013499528169631958},"size":3.9575910568237306,"orthographic":true}