{"cameraMode":{"drawMode":0,"name":"Shaded","section":"Shading Mode"},"sceneLighting":false,"audioPlay":false,"sceneViewState":{"m_AlwaysRefresh":false,"showFog":true,"showSkybox":true,"showFlares":true,"showImageEffects":true,"showParticleSystems":true,"showVisualEffectGraphs":true,"m_FxEnabled":true},"in2DMode":false,"pivot":{"x":3.4654951095581056,"y":1.8371005058288575,"z":-3.044279098510742},"rotation":{"x":-0.13172653317451478,"y":0.41747668385505679,"z":-0.06130613386631012,"w":-0.8970006108283997},"size":4.166025161743164,"orthographic":false}