{"cameraMode":{"drawMode":0,"name":"Shaded","section":"Shading Mode"},"sceneLighting":false,"audioPlay":false,"sceneViewState":{"m_AlwaysRefresh":false,"showFog":true,"showSkybox":true,"showFlares":true,"showImageEffects":true,"showParticleSystems":true,"showVisualEffectGraphs":true,"m_FxEnabled":true},"in2DMode":false,"pivot":{"x":12.155352592468262,"y":1.9814282655715943,"z":1.4696147441864014},"rotation":{"x":-0.061857979744672778,"y":0.9271818399429321,"z":-0.176776722073555,"w":-0.3244548738002777},"size":2.4912679195404054,"orthographic":false}