{"cameraMode":{"drawMode":0,"name":"Shaded","section":"Shading Mode"},"sceneLighting":false,"audioPlay":false,"sceneViewState":{"m_AlwaysRefresh":false,"showFog":true,"showSkybox":true,"showFlares":true,"showImageEffects":true,"showParticleSystems":true,"showVisualEffectGraphs":true,"m_FxEnabled":true},"in2DMode":false,"pivot":{"x":14.912947654724121,"y":-6.426538944244385,"z":-8.49837589263916},"rotation":{"x":-0.057225700467824939,"y":0.04251522570848465,"z":-0.0024372052866965534,"w":-0.9974414706230164},"size":0.8660253882408142,"orthographic":false}