{"cameraMode":{"drawMode":0,"name":"Shaded","section":"Shading Mode"},"sceneLighting":false,"audioPlay":false,"sceneViewState":{"m_AlwaysRefresh":false,"showFog":true,"showSkybox":true,"showFlares":true,"showImageEffects":true,"showParticleSystems":true,"showVisualEffectGraphs":true,"m_FxEnabled":true},"in2DMode":false,"pivot":{"x":9.677915573120118,"y":9.875947952270508,"z":-101.69031524658203},"rotation":{"x":-0.043565522879362109,"y":0.9120336771011353,"z":-0.10054588317871094,"w":-0.39521121978759768},"size":21.945676803588868,"orthographic":false}