{"cameraMode":{"drawMode":0,"name":"Shaded","section":"Shading Mode"},"sceneLighting":false,"audioPlay":false,"sceneViewState":{"m_AlwaysRefresh":false,"showFog":true,"showSkybox":true,"showFlares":true,"showImageEffects":true,"showParticleSystems":true,"showVisualEffectGraphs":true,"m_FxEnabled":true},"in2DMode":false,"pivot":{"x":2.9871726036071779,"y":2.089564800262451,"z":-3.6175127029418947},"rotation":{"x":-0.1688532829284668,"y":0.49458763003349306,"z":-0.09861624240875244,"w":-0.8468459248542786},"size":0.8660253882408142,"orthographic":false}