{"cameraMode":{"drawMode":0,"name":"Shaded","section":"Shading Mode"},"sceneLighting":false,"audioPlay":false,"sceneViewState":{"m_AlwaysRefresh":false,"showFog":true,"showSkybox":true,"showFlares":true,"showImageEffects":true,"showParticleSystems":true,"showVisualEffectGraphs":true,"m_FxEnabled":true},"in2DMode":false,"pivot":{"x":14.305730819702149,"y":16.257537841796876,"z":-31.362825393676759},"rotation":{"x":-0.07695440202951431,"y":0.6187941431999207,"z":-0.06106868013739586,"w":-0.7794182896614075},"size":0.45114389061927798,"orthographic":false}