{"cameraMode":{"drawMode":0,"name":"Shaded","section":"Shading Mode"},"sceneLighting":false,"audioPlay":false,"sceneViewState":{"m_AlwaysRefresh":false,"showFog":true,"showSkybox":true,"showFlares":true,"showImageEffects":true,"showParticleSystems":true,"showVisualEffectGraphs":true,"m_FxEnabled":true},"in2DMode":false,"pivot":{"x":-3.6966283321380617,"y":3.054823875427246,"z":-14.816694259643555},"rotation":{"x":0.12161681056022644,"y":0.05386931449174881,"z":-0.006611196789890528,"w":0.9910942316055298},"size":5.066804885864258,"orthographic":false}