{"cameraMode":{"drawMode":0,"name":"Shaded","section":"Shading Mode"},"sceneLighting":false,"audioPlay":false,"sceneViewState":{"m_AlwaysRefresh":false,"showFog":true,"showSkybox":true,"showFlares":true,"showImageEffects":true,"showParticleSystems":true,"showVisualEffectGraphs":true,"m_FxEnabled":true},"in2DMode":false,"pivot":{"x":5.766587257385254,"y":7.206095218658447,"z":7.780275344848633},"rotation":{"x":-0.0010988547001034022,"y":0.9976359605789185,"z":-0.06683998554944992,"w":-0.01651018299162388},"size":16.865520477294923,"orthographic":false}