{"cameraMode":{"drawMode":0,"name":"Shaded","section":"Shading Mode"},"sceneLighting":false,"audioPlay":false,"sceneViewState":{"m_AlwaysRefresh":false,"showFog":true,"showSkybox":true,"showFlares":true,"showImageEffects":true,"showParticleSystems":true,"showVisualEffectGraphs":true,"m_FxEnabled":true},"in2DMode":false,"pivot":{"x":-5.705313205718994,"y":-0.021631093695759774,"z":-8.723464012145996},"rotation":{"x":0.13424958288669587,"y":-0.1171293556690216,"z":0.015979211777448655,"w":0.9838881492614746},"size":12.167947769165039,"orthographic":false}