{"cameraMode":{"drawMode":0,"name":"Shaded","section":"Shading Mode"},"sceneLighting":false,"audioPlay":false,"sceneViewState":{"m_AlwaysRefresh":false,"showFog":true,"showSkybox":true,"showFlares":true,"showImageEffects":true,"showParticleSystems":true,"showVisualEffectGraphs":true,"m_FxEnabled":true},"in2DMode":false,"pivot":{"x":-0.40816760063171389,"y":1.2300000190734864,"z":-0.09292435646057129},"rotation":{"x":0.4583812355995178,"y":0.18877346813678742,"z":-0.100300133228302,"w":0.8626773357391357},"size":6.266026496887207,"orthographic":false}