{"cameraMode":{"drawMode":0,"name":"Shaded","section":"Shading Mode"},"sceneLighting":false,"audioPlay":false,"sceneViewState":{"m_AlwaysRefresh":false,"showFog":true,"showSkybox":true,"showFlares":true,"showImageEffects":true,"showParticleSystems":true,"showVisualEffectGraphs":true,"m_FxEnabled":true},"in2DMode":false,"pivot":{"x":15.531755447387696,"y":21.948091506958009,"z":27.573728561401368},"rotation":{"x":0.02063601091504097,"y":0.968538224697113,"z":-0.2327088713645935,"w":0.08589278906583786},"size":0.8660253882408142,"orthographic":false}