{"cameraMode":{"drawMode":0,"name":"Shaded","section":"Shading Mode"},"sceneLighting":false,"audioPlay":false,"sceneViewState":{"m_AlwaysRefresh":false,"showFog":true,"showSkybox":true,"showFlares":true,"showImageEffects":true,"showParticleSystems":true,"showVisualEffectGraphs":true,"m_FxEnabled":true},"in2DMode":false,"pivot":{"x":3.0451226234436037,"y":1.3863575458526612,"z":-3.854775905609131},"rotation":{"x":-0.15280984342098237,"y":0.46575215458869936,"z":-0.08201652020215988,"w":-0.8677583932876587},"size":4.166025161743164,"orthographic":false}