{"cameraMode":{"drawMode":0,"name":"Shaded","section":"Shading Mode"},"sceneLighting":false,"audioPlay":false,"sceneViewState":{"m_AlwaysRefresh":false,"showFog":true,"showSkybox":false,"showFlares":true,"showImageEffects":true,"showParticleSystems":true,"showVisualEffectGraphs":true,"m_FxEnabled":true},"in2DMode":false,"pivot":{"x":22.3140811920166,"y":16.357698440551759,"z":-24.87066650390625},"rotation":{"x":0.00012062054156558588,"y":0.999885618686676,"z":0.01020034309476614,"w":-0.011403270997107029},"size":2.6432313919067385,"orthographic":true}